subject,count
"ribaldry",14
"games",5
"children’s rhymes",6
"sermons, verse in",371
"Christ",5
"death, approach of",44
"elegies",19
"women, praise of",27
"love lyrics",198
"tournaments",5
"envoys",232
"lovers, addresses to beloved",184
"complaints, lovers’",57
"Edward III, death of",2
"May, poems of",7
"love, vicissitudes of",41
"legends",20
"Virgin Mary, joys of",32
"carols, to Virgin Mary",44
"Edward IV",5
"carols, political",15
"political poems",69
"occasional verse",76
"Thomas of Canterbury, saint",13
"carols, of saints",11
"carols, convivial",15
"Katherine of Alexandria, saint",7
"Epiphany",5
"Edmund, saint",3
"allegories",34
"Edmund, saint, life of",2
"Fremund, saint, life of",2
"saints’ lives",250
"historical poems",81
"England, kings of",4
"kings of England",11
"complaints",43
"soul",4
"Henry VI",13
"Christ, appeal of, to man",54
"Edmund, saint, prayer to",2
"Henry VI, prayer on behalf of",1
"prayers, special occasions",9
"prayers, to saints",26
"Virgin Mary",24
"dialogues",54
"Nature",6
"crucifixion",29
"prayers, to God",20
"prayers, to Virgin Mary",76
"carols, amorous",38
"women, as speakers/narrators",69
"women, faithlessness of",14
"prologues, to prose texts",8
"chronicles, verse in",95
"advice, moral",129
"precepts",62
"women, against",57
"chronicles",14
"Merlin",13
"prophecies",32
"Stephen, King of England",1
"ingratitude",3
"epilogues",20
"Christ, complaint to man",8
"carols, of Christ’s pleading",7
"dialogues, Christ and man",15
"Katherine of Alexandria, saint, life of",8
"prayers, to Christ",65
"love, toward Jesus",10
"Cross, hours of",17
"prayers, to Jesus",3
"roundels",95
"Christ, prayers to",69
"prayers to Christ",1
"confession, form of",1
"God, prayers to",7
"mercy, plea for",4
"Trinity, treatise on",1
"Passion, meditations on",31
"evils of the time",36
"friends, fickleness of",7
"contemporary conditions",11
"songs",122
"mutability",47
"religious observance",19
"George, saint",8
"Christ, coming of",4
"Christ, love toward",17
"sins, deadly",59
"prayers",65
"Christ, praise to",5
"liturgical texts",6
"translations",325
"instruction, religious",35
"William the Conqueror",1
"Edward I",2
"Edward II",5
"Henry II",2
"Henry III",2
"John, king",2
"counsel, value of",2
"wealth, dangers of",8
"instruction, philosophical",2
"speech",3
"death",78
"aphorisms",112
"paradoxes",7
"despair",2
"seven deadly sins",2
"hawking",3
"carols, Nativity",97
"advice, to princes",24
"Virgin Mary, life of",4
"romances",100
"Troy, legends of",5
"two-line",6
"hymns, to Christ",28
"Christ, hymns to",22
"composite texts",4
"Christ, Passion of",57
"grace",8
"prayers, to Holy Ghost",2
"prayer, value of",3
"prognostications",48
"friendship",16
"counsel",11
"death, signs of",11
"transitoriness, of world",46
"heaven, joys of",10
"ages of man’s life",13
"carols, satirical",14
"Standard, battle of the",1
"parodies",12
"parody",4
"love lyrics, satiric",5
"dialogues, lovers’",20
"satire",45
"Host",3
"sermons",13
"Corpus Christi, feast of",3
"miracles",41
"fragments",45
"allegorical poems",7
"dream visions",18
"printers, comments by",3
"Doomsday",16
"carols, of Doomsday",6
"clothing, against extremes of",14
"carols",27
"Waterford (Ireland)",1
"warnings",31
"carols, of marriage",8
"marriage",27
"wives, shrewish",3
"women, good qualities of",3
"men, treachery of",3
"Mass, instructions for",1
"introductions",22
"mass, virtues of",12
"tales",58
"paraphrases",41
"flatterers, against",4
"transitoriness, of life",41
"mortality",39
"Friday, lore concerning",1
"conclusions, to prose texts",4
"dedications",5
"pageant verses",43
"laments",50
"friends, false",8
"executors",2
"laments, sinners’",8
"sinner, lament of",16
"scripture, translations of",2
"scripture texts, Engl. trans. of",29
"lover’s lament",56
"scripture, Eng. trans. of",1
"evils of the times",34
"lovers, faithful",11
"Lucy, saint, life of",4
"sins",8
"Pelagia, saint, life of",1
"George, saint, life of",3
"Mark, saint, life of",2
"Christ, complaint of, to man",2
"Peasants’ Revolt (1381)",8
"fortune, wheel of",1
"Christ, ascension of",1
"Passion",27
"Easter",7
"saints’ days",2
"seasons, of church year",4
"penance",25
"Circumcision, feast of",4
"prologues",40
"Old Testament, prophets",2
"Anastasia, saint, life of",3
"Pilate, life of",1
"Longinus, saint, life of",1
"hell, harrowing of",2
"Jerusalem, destruction of",1
"absence, pangs of",2
"Christ, life of",21
"Old Testament, history",2
"Doomsday, signs of",9
"women, erring",8
"erotic verse",17
"Yorkist lords",3
"political verse",15
"treatises, devotional",21
"Virgin Mary, hymns to",74
"women",24
"bloodletting",6
"utilitarian instructions",13
"didactic verse",22
"medicine",44
"scripture, Engl. trans. of",9
"advice, spiritual",88
"fornication",1
"utilitarian verse",10
"moon, changes of",5
"lucky and unlucky days",4
"Fortune, fickleness of",7
"courtly love",2
"May, songs of",10
"dream poems",11
"scripture texts, paraphrases",17
"Elizabeth of York, queen",4
"epitaphs",107
"Christ, address to humankind",10
"Christ, wounds of",35
"games, courtly",1
"dice",7
"old age, praise of",3
"Virgin Mary, praise of",13
"bookplates",38
"mottoes",8
"calendars",15
"Passion, narratives of",1
"Christ, burial and resurrection",12
"inscriptions",99
"Idley [Idle], Peter, of Dorchester (Oxon.)",1
"manners, treatises on",20
"marriage, against",5
"children, instructions for the behavior of",9
"instruction, father to son",11
"man, nature of",3
"Glanville, De Proprietatibus Rerum, prologue to",1
"death, dance of",3
"astrology/astronomy",11
"estates literature",8
"advice",61
"drunkenness",3
"drinking songs",11
"debates",29
"acrostics",26
"nonsense",9
"Christ, sufferings of",18
"occupations",7
"recipes, domestic",1
"weather",9
"prognostics",1
"utilitarian instruction",1
"dreams, interpretation of",10
"Garter, Order of",2
"Arthurian literature",20
"sermon texts, Gospel",212
"Scots, insults by, against the English",3
"Bannockburn, battle of",2
"priesthood",2
"mystery plays",17
"Worthies, Nine",9
"crossbow, instructions for",1
"Ursula, saint",2
"carols, lullaby",12
"Jesus, love toward",1
"vanity, against worldly",29
"old age",7
"wine",4
"Baret, John, of Bury St. Edmunds",1
"pride",7
"virtues",37
"women, virtues of",3
"world, untrustworthiness of",3
"impossibilities",9
"France, expedition to (1415)",3
"Henry V",8
"Leuckin, John, of London",1
"letters",17
"almsgiving",18
"patronage, pleas for",18
"abuses of the age",24
"Somer, Henry",3
"court life",2
"Edward the Confessor, saint, life of",2
"Fortune",23
"princes, fall of",2
"deceit, on",2
"hunting",20
"transitoriness of world",4
"tongue, destructive power of",20
"composite poems",4
"laments, lovers’",1
"pilgrims/pilgrimage",62
"Troilus and Cressida, story of",3
"Troy, Matter of",1
"tales, comic",6
"carols, of the Innocents",5
"Holy Innocents",11
"carols, of the Eucharist",6
"Eucharist",13
"parodies, of religious texts",2
"love, divine and human",14
"possessions, worldly",9
"Mary Magdalene, saint",8
"Mary Magdalene, saint, life of",5
"lechery",7
"Christ, love of",17
"transitoriness, of earthly love",2
"world, renunciation of",1
"world, farewell to",1
"Henry VII, death of",1
"prayers, for protection",11
"carols, of women",11
"God, trust in",4
"devotional verse",42
"proverbs",211
"Bede the Venerable, saint",2
"death, meditations on",3
"debates, body and soul",3
"body and soul, debate between",3
"Virgin Mary, miracles of",39
"monks",8
"Ave Maria",2
"legends, of Jesus and Mary",5
"love, nature of",11
"dialogues, Virgin and Christ",22
"birds, as narrators",19
"dialogues, bird",1
"women, debates concerning",1
"charms",40
"hares",2
"hell, pains of",5
"fables",8
"Eustace, saints, life of",1
"fabliaux",6
"hymns, to saints",9
"Saint Anne",1
"tongue, advice concerning use of",10
"warnings, to sinners",3
"dialogues, death and man",11
"Harrowing of Hell",2
"curses",8
"blessings",5
"God, appeal of, to man",2
"wisdom",5
"Thecla, saint, life of",1
"Fortune, complaint against",13
"lover’s, lament",4
"lovers, absence/separation of",23
"chansons d’aventure",23
"lovers’ lament",4
"seasons",8
"complexions, four",3
"riddles",37
"tongue, desctructive power of",1
"love letters",39
"hymns, to Virgin Mary",73
"lovers absence/separation of",7
"prayers, for the nation",7
"love, courts of",7
"prayers, against peril",5
"love",20
"laments, lover’s",1
"fortune",3
"debates, bird",3
"Venus",8
"princes, advice to",8
"money",33
"prison/prisoners",7
"ballads",13
"love, constancy in",11
"love, feigned",3
"birds, as speakers/narrators",9
"birds",15
"Edward I, death of",3
"prayers, of confession",10
"Marina, saint, life of",1
"Mawryne the monk",1
"penitence",18
"Passion, carols/songs of",7
"taxation",1
"debate, body and soul",1
"Saint Andrea",1
"Virgin Mary, prayers to",81
"women, warnings to",5
"Fraser, Simon, Sir",1
"Flemish insurrection",2
"love, of Christ",9
"Virgin Mary, love of",1
"hedging",1
"superstitions, popular",1
"romance",2
"Lyric",1
"eroticism",1
"supernatural",2
"courts, consistory",1
"law, attack on administration of",3
"Virgin Mary, songs in honour of",29
"Lewes, battle of",1
"Marjory, countess of Dunbar",1
"Erceldoune, Thomas of",1
"prophecies, political",37
"spring",2
"seasons, winter",1
"dream poetry",3
"servants, instructions to",3
"instructions, to servants",1
"courtesy books",10
"ballads, religious",2
"love, vicisitudes of",1
"women, satire directed against",12
"Christ, suffering of",3
"Christ, love to sinners",14
"preaching",4
"farewells, lovers’",13
"lovers, praise of beloved",6
"sin, Adam’s, curse caused by",1
"man, creation of",3
"friars, criticism/satire of",14
"testaments",6
"poverty",10
"illustrations, verse accompanying",47
"Ireland",2
"devil",26
"three-line",1
"human life, transitory nature of",7
"carols, of mortality",10
"Christ, ‘arms’ of",5
"indulgences",6
"prayers, thanksgiving",4
"absence/separation of lovers",1
"Despencer, Hugh",1
"carols, of moral counsel",14
"carols, Advent",3
"Guy of Warwick",6
"Christ, grace of",3
"madness",2
"frames, literary",2
"epistles",4
"carols, of the Trinity",11
"Trinity, carols to",3
"Mystery plays, English songs in",1
"songs, spiritual",4
"Eve, creation of",1
"lover’s pleas",2
"confession, exhortation to",1
"Christ, healing work of",3
"Virgin Mary, lament of",17
"carols, of the Passion",15
"Virgin Mary, joys o",1
"recipes, culinary",5
"Ursula, saint, life of",1
"mercy, works of",27
"moderation",5
"food",3
"None",14
"cocks",1
"Christ, triumph of",8
"Christ, charters of",3
"apprenctices",1
"humility",5
"precepts, moral",16
"abuses, of the age",10
"Nordell, Richard, of London",1
"pestilence",5
"Adare, Richard and Marion, of Kelshall (Herts.)",1
"instructions, father to son",2
"children, instructions for behaviour of",8
"scribes",12
"mercy",10
"colophons",27
"alphabetic poems",12
"sorrowful things, lists of",8
"wise men",6
"youth, folly of",3
"Fortune, wheel of",9
"Cuthbert, saint, life of",3
"boasting, precepts agains",1
"advice, on marriage",5
"marriage, advice on",8
"marriage, trials of",5
"friends, faithful",2
"Hancock, John, book owner",1
"hell",8
"Kings of England",1
"tongue, woman’s",2
"evils of the age",3
"boasting, against",1
"chess, game of",2
"mnemonics",7
"wives, erring",2
"Christ, attributes of",30
"ten commandments",3
"children, instructions for the behaviour of",1
"thieves",19
"tales, beast",3
"exempla",37
"recipes, medical",11
"charters",6
"Ripon, abbey of",1
"Aethelstan, king",1
"John of Beverley, saint",1
"Athelstan, king",1
"introductions, to prose works",2
"introductions, to prose texts",18
"faith",8
"Christ, birth of",17
"Christ, Incarnation of",4
"men, worthy types of",2
"Richard, earl of Warwick",1
"Winifred, saint, life of",1
"Winifred, saint, prayer to",1
"wine, properties of",1
"alchemy",49
"Virgin Mary, sorrows of",10
"lover’s plea",12
"Victor, William and Grace, of St. Alban’s",1
"will, use of",2
"God, points pleasing to",1
"tales, from Scripture",6
"Thomas of Canterbury, saint, life of",4
"Magi",4
"Satan",14
"merchants, against",1
"domestic life",3
"lovers, dialogues",2
"carols, of religious counsel",12
"satires",19
"simony",2
"All Saints’, feast of",4
"All Souls’ Day",3
"purgatory, pains of",1
"divination",1
"ownership",1
"verse curses",1
"religious instruction",15
"Ten Commandments",30
"fifteen, O’s of Christ",5
"Christ, fifteen O’s",6
"charters, of Christ",5
"devotional treatises",3
"Christ, complaint, to man",1
"Incarnation, mystery of",2
"Berwick, siege of",1
"Scots, songs of",1
"battle, victory over the Scots by the English, Irish, and Welsh",2
"Lord’s Prayer",19
"dialogues, God and man",2
"Trinity, devotion to",3
"Baker, John, of Bridgewater (Soms.)",1
"Moleyns, Katherine, dame, prioress of Kingston S. Michael (Wilts.)",1
"prayers, asked on behalf of scribes",13
"Margaret, saint, life of",7
"adultery, tales of",5
"legends, of the afterlife",3
"rubrics, scribal",1
"Gregory, saint",6
"Trental of St Gregory",2
"Gregory, saint, mother of",1
"Henry VII",13
"diet",1
"carols, humorous",3
"Virgin Mary, attributes of",6
"children, instructions for behavior of",5
"Virgin Mary, appeal of, to the Jews",1
"Virgin Mary, compassion of",2
"truth",1
"charity",6
"devil, speech of a",4
"wolves",1
"Barbara, saint",2
"feasts",4
"masonry, craft of",1
"Michael the archangel, saint",4
"adultery",8
"cuckoldry",3
"speech, advice concerning",5
"epigrams",2
"geographical writings",2
"Theophilus, saint, legend of",2
"sermon texts",2
"gospels",1
"Carpus, story of",1
"Barlaam and Josaphat, life of",2
"Palaan, king",1
"Thais, saint, life of",1
"Thais, saint",3
"Eustace, saint, legend of",2
"tales, religious didactic",4
"monks, criticism/satire of",4
"Cross, Invention of",2
"Cross",6
"Theophilus, legend of",1
"Oswald, king, life of",1
"monks, tales of",3
"Purification, feast of [Candlemas]",1
"Purification, feast of",6
"nuns",7
"merchants",7
"Martin, saint",4
"Anthony, saint",1
"Macarius, saint",1
"Jews",4
"Holy Innocents, feast of",3
"Gregory, pope",2
"saint’s life",2
"catechisms, on science and biblical lore",1
"Alexander, king",1
"Trajan, emperor",1
"clergy, sins of",3
"confession",18
"physicians",1
"Advent",3
"servants, advice to",2
"servants, praise of",1
"Matthew, saint, feast of",1
"Theodora, saint",1
"Antioch, seven virgins of, legend",1
"angels, fall of",1
"Job",4
"sins, rememdies against",1
"Holy Church",3
"Holy Ghost, hymns to",4
"hymns, to Holy Ghost",4
"God, love of",5
"rubrics",5
"Paula, saint, life of",1
"Trinity, prayers to",7
"prayers, to Trinity",9
"Christ, body of, miracles of",1
"Cross, legends of",1
"Holy Ghost, gifts of",5
"sacraments",6
"The Seven Principal Virtues",1
"virtues, seven principal",4
"virtues, principal",5
"prayers, for use in church",16
"harlotry",1
"prayers, for gifts of the Holy Ghost",2
"Virgin Mary, salutation to",19
"John the apostle, saint",5
"Andrew, saint",2
"Rogationtide",1
"Stephen, saint",8
"Peter, saint",5
"Ambrose, saint, life of",1
"dragons",3
"introductions to prose texts",4
"Virgin Mary, as speaker in debate",7
"Bernard of Clairveaux, saint",3
"Bernard of Clairvaux, saint",1
"Robert of Sicily",2
"Passion, meditations of",3
"Christ, passion of",11
"Passion, prayers of",3
"Eleanor [Cobham], duchess of Gloucester",1
"illustrations, verses accompanying",8
"sermons texts, Gospel",2
"scripture, paraphrases of",5
"thanksgiving",2
"Paul, saint",9
"Euphrosine, saint, life of",1
"Pelagia, saint",1
"Oswald, king",1
"Ascension",2
"Disciples",1
"prayers, for pardon",2
"Theodosius, emperor",1
"Annunciation, feast of",5
"James the Great, saint, life of",2
"Piers Toller",1
"Theobald, count",1
"Theobaldus of Champagne",1
"Charlemagne",4
"sermon texts, Gospe",2
"prayers, by Christ and His Passion",13
"Virgin Mary, joys to",1
"Margaret, saint",5
"Cross, feast of the Exaltation of",4
"Simon and Jude, saints",2
"Christ, love towards",1
"Philip and James, saints",2
"Judas Iscariot, life of",1
"litanies",6
"Ascension, feast of",5
"wits, five bodily",4
"Trinity Sunday",3
"Esther, queen, story of",1
"Old Testament",1
"Martha, saint, life of",2
"Fronton, saint, life of",2
"psalms, penitential",9
"God, goodness of",4
"saints",2
"Virgin Mary, as speaker in debates",1
"Luke, saint",1
"Aethelwold, saint, life of",1
"Aelthelwold, saint, life of",1
"Etheldreda, saint, life of",2
"Agatha, saint, life of",4
"Aethelbert, saint, life of",1
"Alban, saint, life of",2
"Aldhelm, saint, life of",1
"Alphege, saint, life of",1
"Andrew, saint, life of",3
"Agnes, saint, life of",3
"Agnes, saint, miracle of",1
"Augustine of Canterbury, saint, life of",2
"Augustine of Hippo, saint, life of",1
"Barnabas, saint, life of",2
"Bartholomew, saint, life of",2
"Benedict of Nursia, saint, life of",2
"Bernard, saint, life of",1
"Blasius, saint, life of",2
"Botolph, saint, life of",1
"Bridget, saint, life of",2
"Chad, saint, life of",1
"Clement, saint, life of",2
"Christina, saint, life of",4
"Christopher, saint, life of",3
"Dominic, saint, life of",1
"Dunstan, saint, life of",1
"Eadburh, saint, life of",1
"Edward the Elder, saint, life of",1
"Ecgwine, saint, life of",1
"Fabian and Sebastian, saints, lives of",2
"New Year",1
"Francis of Assisi, saint, life of",2
"Giles, saint, life of",2
"Gregory, saint, life of",1
"Hilary, saint, life of",1
"Hippolytus, saint, life of",1
"Jerome, saint, life of",1
"John the Evangelist, saint, life of",1
"John the Baptist, saint, life of",1
"Julian the confessor, saint",1
"Julian Hosteler, saint, life of",1
"Juliana, saint, life of",2
"Justina, saint, life of",2
"Kenelm, saint, life of",2
"Lawrence, saint, life of",1
"Leger, saint, life of",1
"Virgin Mary, Annunciation to",14
"Mary of Egypt, saint, life of",2
"Virgin Mary, Assumption of",1
"Matthew, saint, life of",2
"Old Testament, stories from",3
"John the Baptist, saint",6
"Herod",3
"Matthias, saint, life of",1
"transubstantiation",2
"prayers, to guardian angel",10
"Mildred, saint, life of",1
"Nicholas, saint, life of",2
"Oswald, bishop, life of",1
"Patrick, saint, life of",1
"Paul, saint, life of",2
"Peres, saint, life of",1
"Peter, saint, life of",2
"Philip and James, saints, lives of",1
"Petronilla, saint, life of",2
"Quiriac, saint, life of",1
"Scholastica, saint, life of",1
"Stephen, saint, life of",1
"Swithin, saint, life of",1
"Thomas the apostle, saint, life of",3
"Valentine, saint, life of",1
"Vincent, saint, life of",2
"Wulfstan, saint, life of",2
"Sleepers, Seven, legend of",1
"Joseph of Arimathea, saint, life of",2
"Alexis, saint, life of",5
"Alexius, saint, life of",1
"Savinian and Savina, saints",1
"confession, forms of",4
"Virgin Mary, conception of",2
"sin",15
"clergy, criticism/satire of",9
"Epiphany, feast of",3
"Thomas the apostle, saint",2
"Bible, translations of",1
"James the Great, saint",1
"Mathias, saint",1
"Bartholomew, saint",2
"wheat",2
"land, purchasing of",1
"Creed, Athanasian",1
"gardening",2
"love, values of",1
"drinking, effects of",3
"prayers, by Christ and his Passion",1
"lying",1
"lechery, warning against",2
"lust",10
"swearers",1
"repentance",16
"lover‘s lament",1
"Norwich",8
"justice",5
"wives",1
"church fathers, sayings of",1
"instruction",3
"Barbor, William, of New Buckenham (Norf.)",1
"Barbor, William",1
"twelve-line",1
"wealth, wise use of",7
"Virgin Mary, assumption of",9
"Conception, feast of",1
"body, parts of",3
"Francis of Assisi, saint",3
"good deeds",5
"carols, New Year",6
"sin, consequences of",6
"pride, against",2
"religion",2
"epiptaphs",2
"Read, William, of London",1
"Scrope, lady",1
"gentleman, qualities of",3
"four-line, monorhyme",1
"Jons, R.",1
"clergy, wives of, criticism/satire of",1
"minstrels",1
"Haster, Harvey, minstrel",1
"Fame",1
"dreams",5
"hope, lovers’",2
"fools, order of",1
"Christmastide",14
"women, authors",5
"lover’s complaints",2
"love, unrequited",12
"conclusions",1
"virelais",5
"flowers, praise of",1
"Margaret, praise of",1
"Troy, tales of",3
"lovers",3
"Worthies, Nine, female",2
"London",4
"lovers, advice to",9
"Troilus and Criseyde, story of",1
"friars, praise of",1
"Lollardy, against",1
"Wyclifite works",1
"Church, criticism/satire of",4
"Sphinx, riddle of",1
"virtue",2
"scribes, prayers requested for",2
"Apocalypse, advice to readers of",1
"Arthur, prince of Wales",17
"Catharine of Aragon",5
"scripture, translations from",1
"Gwynneth, John",1
"friendship, deceitfulness of",2
"advice, legal",2
"money, use of",5
"Faith, saint, life of",3
"repentence",1
"dogs",7
"horses",5
"kings, English",1
"death, fear of",10
"Henry VIII",4
"Catherine of Aragon",9
"psalms",1
"carols, of complaint",2
"Christ, blood of",12
"John, duke of Bedford",1
"unstableness, of world",1
"women, fickleness of",1
"Love, vicissitudes of",1
"Women, fickleness of",1
"youth, warnings about",3
"songs, popular",10
"foresters",3
"suffering, human",2
"Paston, John, II",2
"Paston, John, III",2
"animals, domestic",1
"Fortey, John, of Northleach (Gloucs.)",1
"Richard II, burial of",2
"commemorative verse",3
"herbals",5
"Edward IV, death of",2
"lovers, unfaithful",5
"love, praise of",1
"love, game of",4
"Flemings, song against",2
"Christ, mercy of",1
"lullabies",4
"Virgin Mary, lullay songs of",5
"modesty",1
"Scotland",5
"Black Agnes of Dunbar",1
"The Duke of Orleans’ Defence of the Scots",1
"Orleans, duke of",1
"Scots, battle actions",3
"Stanley, family history",3
"history, family",4
"love, instructions regarding",2
"commemorative verse, lovers’",3
"duplicity",1
"Diana",3
"love, pleasures of",1
"hope, lover’s",3
"lovers, death of",9
"Fortune, complaints against",1
"complaints, on evils of the time",2
"advice, to lovers",6
"Cupid",7
"fortune, complaint against",2
"falseness",5
"alchemical poems",10
"music",3
"political prophecies",1
"school lessons",5
"schoolboy exercises",5
"Bettys, Thomas, sir",1
"Julian the apostate, emperor, life of",1
"Julian, saint, life of",1
"carols, Annunciation",26
"chronicles, verses in",2
"Philip VI, king of France",1
"wealth, inconstancy of",2
"Alchemy",1
"A longing for Death — one quatrain",1
"death, longing for",4
"lament, lovers’",1
"agriculture",8
"tithes",2
"Barbara, saint, life of",2
"devils",1
"evils, of the times",1
"James IV, king of Scotland",6
"Tudor, Margaret",1
"The Five Dogs of London",1
"Richard III, as duke of York, attack on",1
"carols, Epiphany",17
"Griffith ap Rhys, sir",1
"women, unfaithfulness of",1
"purse poems",1
"St. Valentine’s Day",1
"transitoriness",2
"mortality, meditations on",2
"God, dread of",1
"salvation, preaching to win",1
"consience",1
"Dorothy, saint, life of",2
"carols, of Lent",1
"kings of England, exhortation to",1
"Adam and Eve",2
"New Year, carols",1
"counsel, moral",7
"counsel, religious",3
"Clare, honor of",1
"punctuation poems",5
"law",6
"bribery",2
"human life",2
"Virgin Mary, hours of",1
"Christopher, saint",2
"schoolboys",5
"sinners’ laments",1
"Guines, capture of",1
"Bigot, Hugh",1
"hope",5
"Neville, Robert de",1
"flowers",3
"marriage, festal verses for",4
"carols, Nativity season",1
"Worcester",1
"Bristol",1
"Edward, prince of Wales",1
"Coventry",4
"Trinity",10
"prayers, bidding",2
"carols, secular",5
"Lai de Freine",1
"lais, Breton",8
"Henry VI, return to London, 1432",8
"Henry VI, entry into London, 1432",1
"pageants, accounts of",1
"sins, remedies against",2
"executors, criticism of",4
"Pollard, Walter, book owner, 1444-45",1
"hymns",11
"Vital, saint, life of",1
"Virgin Mary, carols to",25
"carols, of the Annunciation",1
"Christmas carol",1
"Doomsday, songs of",3
"carols, holly and ivy",4
"journeys, prognostications concerning",11
"courtly love, burlesque of",1
"alchemical poem",1
"philosopher’s stone",4
"travel poems",8
"chanson d’aventure",3
"Virgin Mary, songs to",1
"Denis, saint, life of",1
"Luke, saint, life of",2
"martyrs",1
"Simon and Jude, saints, lives of",1
"Quintin, saint, life of",1
"All Saints’ Day",1
"Eustace, saint, life of",2
"Martin, saint, life of",2
"Brice, saint, life of",2
"Edmund, king of England, saint, life of",1
"Cecilia, saint, life of",4
"London, mayor of",2
"‘La Requeste’",1
"Wever, William, of London",1
"Reeves, abbey of",1
"Simon Magus",1
"Simplice and Faustine, saints, lives of",1
"Tutivillus",3
"plague",3
"France, crown of",1
"lovers, address to beloved",6
"Halidon Hill, battle of",2
"Scots, songs against",7
"Amphibal, saint, life of",1
"Alban, saint",1
"Tournay, siege of",1
"instructions",1
"wits",1
"greed",7
"virtues, nine",1
"glosses",29
"Christ, thanksgivings to",5
"carols, to saints",9
"John the evangelist, saint",1
"Virgin Mary and Christ, songs/prayers to",4
"prayers, of sinners",2
"religious controversy",2
"pleasures",1
"learning, value of",3
"education",1
"John the evangelist, saint, life of",1
"sinner",1
"Passion, carols of",1
"carols, of the Passio",1
"lovers’ plea",5
"clergy, instructions for",2
"prayers, to Virgin Mary, and saints",3
"saints, prayers to",6
"carols, of divine mercy",1
"advice, to prelates",2
"praise",2
"Edward IV, right of succession",2
"London, mercers of",2
"John the Evangelist, saint, prayer to",1
"time",4
"carols, boar’s head",1
"forgiveness",1
"Edward IV, when duke of York",2
"greyhounds",1
"authorship",1
"patronage",2
"Rivers, Earl, Anthony Woodville, Lord Scales and second Earl Rivers",1
"Woodville, Anthony, Lord Scales and second Earl Rivers",1
"Robert the Devil",1
"pastoral care",1
"Stanley, William, sir",1
"hymns, to Trinity",6
"Humphrey, duke of Gloucester",5
"Jacqueline of Hainault",2
"historical verse",10
"dialogues, lovers‘",1
"three sorrowful things",1
"toothache",1
"heaven",2
"Constancy in Love",1
"songs, of complaint",2
"Cowper, doctor",1
"angels",5
"four-line",5
"lovers, warnings to",3
"sapientia",2
"antiphons",2
"debates, theological",2
"laments, ironic",1
"God, hymns to",12
"Christ, death and resurrection",1
"John Stewart, duke of Albany",1
"Beatitudes",3
"Ten Commandment",1
"Host, description of",2
"Eucharist, meditations on",5
"Philip, duke of Burgundy",1
"hymns, to God",15
"confession, value of",1
"Francie, Dalphin and Margaret",1
"Knaresborough, Robert of, saint, life of",1
"Robert of Bury, saint",4
"Anne, saint",5
"John the Evangelist, saint",6
"conscience",1
"reverence",1
"Christ, plea to the father",1
"Thomas of Canterbury, saint, miracles of",1
"geography",1
"skeltonics",4
"evil living",3
"debates, between angels and devils",6
"Udersall, Adam",1
"Clark, John",1
"usury",6
"Ninian, saint, life of",1
"Harpur, John, of Rushall (Staffs.)",1
"apostles",2
"Christ, name of",4
"servants",3
"Leo II, pope",1
"lovedays",1
"advice, to magistrates",4
"God, will of",3
"Christ, genealogy of",1
"catechisms, science and biblical lore",1
"Tucke, William, book owner",1
"Christ, body of",5
"William Bromwell",1
"Virgin Mary, Annunication to",2
"prayers, on sacraments",2
"Sacrament, blessed",1
"Blessed Sacrament",1
"Christ, songs in honour of",4
"Lord’s Prayer, exposition of",6
"epilogues, to prose texts",6
"Virgin Mary, dialogue, with Christ",6
"cross",2
"Cantlow, John, Prior of Bath",1
"Bath, Somerset",1
"prefaces, to prose texts",1
"calendar",1
"death, warning of",1
"Morton, John, bishop of Ely",1
"Jerome, saint",1
"love, rewards of",4
"songs, soldiers’",3
"charity, degrees of",1
"women, lack of discretion",2
"irregular",3
"Christopher, saint, legend of",1
"friars",14
"wealth, evils of",3
"Christ, uniqueness of",4
"death, power of",3
"Richard II",2
"Epiphany, carols for",1
"sinners",2
"excommunication",1
"liturgical texts, translations",1
"Elizabeth, saint, life of",1
"envy",1
"governance",2
"Dog, James",1
"Dog, James, keeper of the Queen’s Wardrobe",1
"morality plays",8
"adversity, patience in",4
"de la Pole, William, duke of Suffolk",3
"Lollardy",4
"Trinity, prayer to",2
"prayers, domestic",9
"husbands",4
"marriage, satires on",2
"Jesus, prayers to",4
"sixteen-line",1
"proverbs, Leconfield",4
"zodiac",3
"summoners",3
"judgement day",1
"Nativity",10
"purgatory",2
"contrition",1
"comic verse",4
"ribaudry",1
"sloth",2
"swearers, criticism of",3
"gossips",4
"oaths, criticism of",5
"admonition, general",2
"tools, carpenters’",1
"dietaries",1
"France, war in (1492)",1
"Agincourt",1
"Henry VIII, praise of",2
"Henry VIII, coronation of",2
"France, war in (1449)",1
"senses, five",1
"Solomon",2
"England, counties of, characteristics",1
"Courtenay, William, Chancellor of Oxford",1
"Otterburn, battle of (1388)",1
"Percy, Henry (Hotspur)",1
"saints, hymns to",3
"Robin Hood",9
"dramatic writings",5
"mass",1
"Wales, description of",1
"Chester castle",1
"fencing",1
"bestiaries",1
"animals",1
"heraldry",6
"sermons, verses in",3
"France",1
"kings of France",1
"Oldcastle, John, sir",1
"hymns, of the Passion",2
"Virgin Mary, coronation of",1
"Nativity, songs of the",2
"Pickering, Jon, of London",1
"Innocent I, pope, life of",1
"Brendan, saint, life of",1
"Remigius, saint, life of",1
"visions",7
"Nebuchadnezzar",1
"original sin",2
"instruction, mother to daughter",3
"women, advice to",1
"friends",2
"wives, choice of",1
"Eve",2
"Adam, creation and fall of",4
"religious life, bonds of",1
"Dunbar, battle of",1
"animal husbandry",1
"human life, compared to months of the year",1
"months, compared to man’s life",1
"Pentecost, feast of",1
"Trinity, feast of",1
"Nativity, feast of",1
"Nativity, songs of the (not carols)",2
"Richard III",2
"carols, to the Virgin Mary",1
"Lord’s prayer",1
"carols, boars’ head",4
"carols, boar’s head>",1
"Scrope, Richard le, archbishop of York",1
"Annunciation, songs of",4
"London, goldsmiths of",1
"Christ, work of",6
"Kent",3
"Fogge, sir John, of Repton, Ashford, Kent",1
"Christ, gifts of",6
"Denis, saint",4
"Blasius, saint",1
"Egidius, saint",1
"Giles, saint",1
"Catherine of Alexandria, saint",1
"Martha, saint",1
"Christine, saint",1
"transitoriness, of earthly life",1
"love, carnal, evils of",2
"Paston, John",2
"Brews, Elizabeth",1
"carols, of repentance",3
"fasting",1
"hymns, thanksgiving",1
"God, praise to",3
"Christ, carols to",3
"carols, to Christ",8
"Trinity, God in",1
"songs, drinking",1
"transience",4
"debate, of body and soul",1
"Edward IV, work dedicated to",2
"tailors",1
"shoemakers",2
"gallants, criticism/satire of",2
"jousts",1
"ournaments",1
"prayers, by the Holy Name",1
"Christ, Holy Name of",1
"Stanley, Thomas, baron",1
"poulterers",1
"abstenance",1
"Christ, address to Virgin Mary",4
"Edward VI",2
"summer",1
"liberal arts, seven",1
"Drury, Robert, sir",1
"Chichele, William",1
"Woode, John",1
"farewells, epitaph",1
"farewells",3
"Barton, John, of London",1
"Street, Simon and Agnes, of London",1
"Agincourt, battle of",1
"knights, behavior of",3
"Marsham, John, Mayor of Norwich",2
"Anne, saint, life of",4
"Katherine, saint, passion of",1
"Sother, pope, life of",1
"nonsense verse",9
"marriage, oath for",2
"religious, backsliding by",1
"mass, instructions for",1
"Methodius, saint",1
"warfare",1
"plowman",1
"lovers lament",2
"Arthur, king",3
"Gawain, stories of",2
"Robert II, king of Scotland",1
"Moor, Elizabeth",1
"Margaret, queen of England",2
"redemption",3
"Rome",2
"lovers, hopes of",3
"judges, advice to",1
"advice, to judges",1
"wise men, qualities of",1
"fools, qualities of",1
"Hailes (Gloucs.), Cistercian abbey",2
"advice, political",1
"beheading game",1
"Whitby Haven, naval battle of, 1451",1
"prisons/prisoners",1
"allegory",3
"national policy, discussions on",2
"Peter of Birmingham, lord Tethmoy, death of",1
"Ireland, English settlement of",1
"Vaux, Rowland, sir, of Triermaine",1
"Caesar, Augustus, emperor",1
"Neville’s Cross, battle of",2
"patronage, appeals for",1
"manners",2
"songs, erotic",8
"Clerk, John, of Torrington (Devon)",1
"doggerel",2
"transitoriness, of lif",1
"women, warning to",1
"popular songs",1
"Lawrence, saints, life of",1
"A proverbial couplet",2
"Berkeley, John, sir, of Wymondham (Leics.)",1
"youth",5
"Venerable Bede",1
"Alcuin of York",1
"carols, to Trinity",1
"Virgin Mary, songs in honor of",1
"Valentine, saint",2
"Teilo, saint, life of",1
"Sylvester, saint, life of",1
"Sylvester, saints, life of",1
"Patrick, saint",4
"Nicholas, saint",4
"Henry VI, foundation of King’s College",1
"Godric, saint",2
"Nycasie, Saint, life of",1
"Matthew, saint",1
"hymns, to Virgin Mary and Christ",2
"Leonard, saint, life of",1
"Germanus, saint, life of",1
"James the Greater, saint, life of",1
"Jacques (James Intercisus) the martyr, saint, life of",1
"Ignatius, saint, life of",1
"Hyginus, pope, life of",1
"Guthlac, saint, life of",1
"Frideswitha, saint, life of",2
"Francis of Assisi, saint, prayer to",2
"Firmin, saint, life of",1
"Helena, saint, life of",1
"Helena, saint",1
"Damas, pope, life of",1
"Birinus, saint, life of",1
"Anselm, saint",1
"Anicet, saint, life of",1
"Emerentiana (wet nurse to Saint Agnes), saint, life of",1
"Abdon and Ceman, saints, lives of",1
"prophesies, political",1
"gallants",2
"Bartholomew, bishop of Exeter",1
"lover’s, pleas",1
"Wainfleet, William, Bishop of Winchester (1447-86)",1
"clergy",2
"Tudor, Jasper, duke of Bedford",1
"Brasier, Richard, Mayor of Norwich, 1510",1
"Paul, saint, conversion of",1
"carols, Purification",1
"Leonard, saint",1
"Steward, Bernard, lord of Aubigny",1
"Stewart, Bernard, lord of Aubigny",1
"ale",5
"gratitude to God",1
"Henry VI, coronation of",1
"Virgin Mary, invitation to man",1
"five-line",1
"Margaret, queen of Scotland",3
"prayer, abuse of",1
"Mary, princess",1
"Chester",1
"bakers",1
"Kildare (Ire.)",1
"Coventry, pageant at",1
"advice to princes",1
"temptation",1
"Bontfant, Richard, of Stone (Kent)",1
"rounds",2
"France, invasion of (1513)",2
"doctrine, religious",2
"catechisms, scientific and biblical lore",2
"instructional verse",1
"Caxton, John and Joane, of Canterbury",1
"Gate, Geoffrey, sir, of High Easter (Essex)",1
"Humphrey, duke of Buckingham",1
"Fastolf, John, sir",1
"Crysanthus and Daria, saints, lives of",1
"love, wounds of",4
"Cornysshe, William",1
"narratives",1
"Christ, seven last words",1
"insults",1
"soul, pilgrimage of",3
"The White Benedictus",1
"peace",5
"peace, desire for",2
"entertainment",2
"pageant verse",1
"scripture",1
"patience",1
"Gawain",1
"Thomas of Canterbury, saint, song in honour of",1
"lover’s lament (?)",1
"Palmer, Thomas, of Snodland (Kent)",1
"Pallas the giant",1
"Rome, example of",1
"churches, dedication of",2
"Hell",1
"diseases",1
"God, gifts of",2
"God, attributes of",3
"Ositha, saint",1
"scripture texts, commentary on",1
"Mary Magdalen, saint",1
"Augustine of Canterbury, saint",1
"mercy, songs of",5
"Lord’s Prayer, as remedy against sins",1
"Wallace, William, sir",1
"Scots",1
"fables, beast",2
"Creed, apostles’",13
"creed, Apostles’",2
"courts",1
"Thomas, saint",1
"London, William, of Norwich(?)",1
"Flint, Ann, of Norwich",1
"Balliol, John",2
"schools/scholars",6
"castles",1
"Christ, crucifixion of",1
"Paul(in) the Hermit, saint, life of",1
"Creation",2
"lover’s laments",4
"Dunbar (Scotland)",1
"adversity",1
"love, carnal evils of",1
"Walsingham, chapel of",1
"Annunciation",4
"Sebastian, saint",2
"Roch, saint",1
"Simon and Judas, saints, lives of",1
"Philip, saint, life of",1
"wits, five",1
"Christ, poverty of",1
"Eger de Femyne, sir",1
"transcience, of earthly joy",1
"Cosmas and Damian, saints, lives of",1
"Llewellen",2
"Brigge, John, of Salle (Norf.)",1
"recipes",1
"transience of fortune",1
"Barber, Geoffrey",1
"Augustine of Hippo, saint",1
"Anthony, Saint",1
"Cuthbert, Saint",1
"Abraham and Isaac, story of",1
"Tottenham, (Gloucs.), tournament of",1
"Tottenham (Gloucs.), feast of",1
"husbandry",1
"Northampton, battle of",1
"chastity",1
"labour relations",1
"apprentices",1
"George, saint, legend of",1
"Payne, Richard, of London",1
"Fortune, Wheel of",1
"FitzSimons, Walter, archbishop of Dublin",1
"Simnel, Lambert",1
"Ireland, kingship of",1
"Chaucer, Thomas",1
"Saint Bernard",2
"prayers, of saints",2
"Flodden Field, battle of",4
"Scotland, Flodden, lament on",2
"Stanley, house of",2
"Brampton, battle of",1
"Flodden Feilde",1
"Otto IV, king of Germany",1
"Philip II, king of France",1
"Burlton, Catherine and Richard, of Dartford (Kent)",1
"apostrophes",2
"odes",1
"Creation, mysteries of",1
"Trinity, hymns to",1
"prayers, occasional",1
"Willoughby family",1
"Henry VI, song in praise of",1
"Cromwell, Ralph, lord Treasurer",1
"Edward, duke of Buckingham",1
"Thorndon, Alys, of Frettenham (Norf.)",1
"Quartremayns, Richard and Sibil, of Thame (Oxon.)",1
"women, as speaker/narrators",1
"Henry VI, coronation",6
"Henry VI, prayer to",1
"prayers, special occaisions",1
"hymns, to God, as Creator",1
"All Saints, feast of",1
"miracle plays",2
"urines",3
"roundel",2
"James the Less, saint, life of",1
"prayers, of Christ",3
"Norray, Thomas, sir",1
"Towton (Yorks.), battle of",1
"love, stories of",2
"Holy Ghost, prayers to",1
"Fortune, pleas to",1
"Lord’s Day, observance of",1
"carols, of Candlemas",1
"Francis of Assisi, saint, in praise of",1
"lovers, addresses to belove",1
"Christ, prayer to",2
"verse sermons",1
"marriage, carols of",1
"printers’ prologues",1
"Erasmus, saint, passion of",1
"carols, holy and ivy",1
"Lydgate, John",1
"ages of man’s lif",1
"lovers, verses addressed to",2
"prayers, at time of death",2
"women as speakers/narrators",1
"complaints, on the evils of the time",1
"Christ, Passion of, Passion, meditations on",1
"lovers, absence, separation of",1
"Chalker, lords of",1
"love, sacrificial",1
"instruction, grammatical",1
"duets",1
"mistress, false",1
"love, faithful",2
"Taverner",1
"Christ and His Apostles",1
"moralizing",1
"scripture texts, translations of",1
"Beaufort, John",1
"Cobham, Eleanor",1
"Crispin and Crispinian, saints, lives of",1
"Caxton, William",1
"York",3
"Hertford",1
"Windsor",1
"Virgin Mary and Christ, hymns/songs to",1
"pagent verses",1
"Ethelbert, saint",1
"Virgin Mary, Purification of",3
"sermon texts, Old Testament",1
"Virgin Mary, aid to salvation",2
"students",2
"Syngor, master",1
"Edward IV, lamentation of soul of",1
"Incarnation",3
"Eucharist, Christ’s presence in",3
"Sluys, sea battle at",1
"prefaces",1
"Belers, Roger, sir",1
"Henry the VIII, reign of",1
"history, world",1
"carols, early",2
"carols, of the Mass",1
"God, mercy of",7
"Theodora, saint, life of",1
"Crecy, battle of",1
"pilgrimage",1
"Melchiades [Miltiades], pope, life of",1
"Christ, description of",2
"grace, at meals",8
"Winchester, city of",1
"clothing",1
"hospitality, to Christ",1
"Christ, lament to",4
"Chaucer",3
"Marius, saint, life of",1
"Simeon",1
"Spycere, Jon",1
"Spycere, Alys",1
"Spyeer, John, of Burford (Oxon.)",1
"carols, of Joseph’s trouble",1
"Courtly Love",2
"Stokys, R., of Hampton-in-Arden (Warws.)",1
"growth and maturation",1
"rosary",1
"Smith, John the, of Brightwell Baldwin (Oxon.)",1
"charity, sixteen points of",1
"Corpus Christi",2
"Christ, dialogue, with Virgin Mary",2
"evangelists, four",1
"counsel, in love",2
"love, qualities of",1
"love, virtues of",1
"God, love toward",1
"Kyng, John, of Dammowe (?)",1
"invocations",3
"psalms,penitential",1
"scripture texts, paraphrase",1
"Biblical history",2
"John, duke of Burgundy",1
"Christ, faithfulness of",1
"eight-line",1
"James IV, King of Scotland",1
"carols, of Virgin Mary",1
"Virgin Mary, types of",1
"David, king",1
"Chaucer, Geoffrey",1
"Henry V, death of",1
"devil, son of",1
"colphons, verse",1
"Duke of Normandy",1
"Adam and Eve, life of",2
"Schism, papal",1
"popes",1
"Scripture",1
"God, word of",1
"Leo II, Pope",1
"Edward II, criticism of",1
"husbands, inadequacies in lovemaking",1
"Edmund of Abingdon, saint",1
"erotic dreams",2
"prologues, printer’s",1
"Virgin Mary, marriage of",1
"tongue, wise use of",1
"counsel, against young men’s",1
"kingdoms, well-ordered, characteristics of",1
"Henry III, death of",1
"Katherine of Sinai, saint",1
"Alexander the Great",1
"Winifred, saint",2
"Norbert, saint, life of",1
"Joseph, father of Jesus",2
"Wells, John, of London",1
"Coppyn, John, of Whitstabell",1
"Bury, John, OSA, of Clare, Suffolk",1
"Apocalypse",2
"Talbot, John",1
"Christ, presence in the Eucharist",2
"meditations",4
"Wars of the Roses",1
"Chamberleyn, John, of London",1
"visions, of the afterlife",2
"incest",3
"Crucifixion",2
"Satan, lament of",1
"prayers, for the dead",3
"Mansfield, Richard, of Taplow (Bucks.)",1
"Wenlock, John le, of Luton (Beds.)",1
"Peter Dominican, saint",1
"Saunders, Laurence, of Coventry",1
"protest verse",1
"Howard, John, duke of Norfolk",1
"Paston, Margaret",1
"letters, domestic",2
"Judas Iscariot",1
"dialecticians, against",1
"obedience",5
"anagrams",1
"pardon, promise of",2
"wealth",5
"Christ, warnings to man",2
"Occasional poems",1
"Christ, face of",1
"carols, nonsense",2
"Frise, Isaace",1
"salvation",1
"Wenlock, William, of Luton (Canon of St. Paul’s)",1
"Owre, Donald",1
"Skipwith, Richard, of St. Alban’s",1
"comic tales",1
"Gerelaus, emperor",1
"Calixtus, pope, life of",1
"hope, spiritual",1
"Canterbury, city of",2
"Henry VI, verses against",1
"Yorkshire, rising in (1392)",1
"cryptograms",2
"Oswin, saint, life of",1
"Bury St Edmund’s, Benedictine abbey of",1
"fishing",1
"Christ, four advents of",1
"Nottingham, Harry, of Holme-by-the-sea (Norf.)",1
"John the Baptist, life of",1
"Peasants’ Revolt (1381",1
"Calais, siege of",1
"Kenelm, St.",1
"spring, poems of",1
"steadfastness, characteristics of",2
"England",2
"loneliness",1
"Illurin (al. Silverius), saint, life of",1
"Passion, meditations o",1
"flattery",1
"schoolbooks",1
"medicine, veterinary",3
"God, fear of",1
"witches",1
"kisses",2
"cripture texts, Engl. trans. of",1
"rebellion of 1469",1
"tongue, hasty",3
"Spaniards, defeat of",1
"seven-line",1
"On the Company of Lovers",1
"Percy, Henry, earl of Northumberland",1
"anger",2
"King John",1
"Mary",1
"de Mandeville, Geoffrey, earl of Essex",1
"creed",1
"Godiva, lady",1
"Worthies, three",1
"cattle",1
"sermons, verse",1
"forests",1
"Edward the Confessor, saint",2
"rats",1
"Isabelle, countess of Warwick",1
"Despenser, lady",1
"thieves, charms against",1
"Amys, Thomas, of Barton (Norf.)",1
"Amys, Thomas and Margery, of Barton (Norf.)",1
"Creed, apostles᾿",1
"pageants",2
"temporality",1
"purity",3
"swearing, against",1
"hoarding",1
"avarice",1
"Whitsunday",1
"illlustrations, verse accompanying",1
"Virgin Mary, nativity of",1
"Edward IV, return of",1
"Louis, saint",1
"Wulfhade and Ruffyn, saints",1
"Edward III",3
"Jon, Piers and Elizabeth",1
"Spenser, Joan",1
"Wentworth, William, mayor of London",1
"Banknot, William and Anne",1
"Stubbe, Walter, of Buxton, Norfolk",1
"Buxton, Norfolk",1
"epitaphs, comic",1
"Hunt, Roger and Joan, of Gt. Linford (Bucks.)",1
"Wilton, Henry and Margaret, of Norwich",1
"Savage, Robert and Christine, of Busshead (Sussex)",1
"Knowles, Thomas, of London",1
"Dunbar, George, earl of Dunbar",1
"Willoughby, Margaret, of Raveningham, Norf.",1
"Hawles, Harry, of Arreton (Isle of Wight)",1
"Benedict of Nursia, saint",1
"Anna de Hem, of Norwich, d. 1503",1
"horses, properties of",2
"Mathias, saint, life of",1
"Sheef, Thomas, goldsmith, d. 1483",1
"Percy, Henry",1
"time, use of",2
"Last Supper",1
"eternal life",1
"Edward IV, when earl of March",1
"advice, mora",1
"popular verses",3
"prophesies",2
"Henry IV, attack on",1
"Romances",1
"Christ, wounds",1
"Vere, family of",1
"Passion, exhortation to worship by",2
"Bridget, saint",2
"Virgin Mary and Christ, song/prayers to",1
"Virgin Mary, Annuncation to",1
"Christ, Passion",1
"flood, Noah’s",1
"Noah",2
"Edward V",1
"prayer, for gifts of the Holy Ghost",1
"Christ, wounds o",1
"Virgin Mary, complaint of, against swearers",1
"God",2
"God, wrath of",1
"Creed, exposition of",1
"Scripture texts, paraphrases of",1
"Elizabeth of York",1
"St. Gregory’s Trental",1
"Rouen, siege of",1
"Henry VIII, prayers for",2
"Creed, apostles’, exposition of",1
"fall and redemption, songs of",3
"Redesdale, Robert of",1
"social comment",2
"Richard of Chichester, saint",1
"nightingale",1
"Christ, symbols of",1
"duke of York",1
"wool",1
"Adrian, saint, life of",1
"Barcroft, George",1
"stones",1
"Hilarion, saint, life of",1
"Caius, pope, life of",1
"occasional poems",1
"Rome, city of",1
"prayers, on various themes",2
"sin, results of",1
"children",2
"recipes, medicinal",1
"security",1
"joyful life",1
"Paston, John, sir",1
"Pympe, John",1
"Original Sin",1
"proverb",1
"legends, saints’",1
"prayer",12
"Maners, John",1
"Virgin Mary, songs in honour o",1
"Machor, saint, life of",1
"love songs",1
"lovers, praise",1
"twins",1
"de la Pole, William, duke of Suffolk, verses against",1
"Virgin Mary, prayer to",1
"Dido and Aeneas",1
"puzzles",1
"faith, articles of",2
"Felix III, pope, life of",1
"Christ, plea to the Father",1
"Arundel, Thomas, Chancellor of England, archbp. of Canterbury",1
"Sigismund, king of Hungary",1
"liberality",1
"Elizabeth, queen",1
"Evarist, saint, life of",1
"Trevisa, verses in Polychronicon",1
"Ellendune, battle of",1
"Euphemia, saint, life of",1
"France, invasion of",1
"salvation, enemies of",1
"Foster, Stephen, of Ludgate?",1
"Exodus",1
"complaint, lovers’",1
"Cato",2
"religion, difficulty of choosing a profession in",1
"carols, of the Virgin’s motherhood",1
"Christ, address to the Virgin Mary",1
"Assumption, feast of",1
"Templars",1
"Percy, house of",1
"Normandy, English loss of",1
"translating",1
"national policy, discussions of",3
"alliteration",2
"Christ, tears of",1
"Godric, saint, prayer of",1
"advice, to parents",1
"Cantelowe, Margaret, of Streatham (Surrey)",1
"Bernard, Saint",1
"Calliope, muse",1
"Calais",1
"crede",1
"Cambridge",1
"tales, from scripture",1
"oaths",1
"English language",1
"erotic songs",1
"Paston, John II",1
"Paston, John III",1
"Christ, sufferings",1
"Booth, William, bishop of Coventry and Lichfield, 1447-52, tr. York 1452-64.",1
"Troilus and Criseide, story of",1
"transitoriness of life",1
"Thomas of Canterbury, saint, prayers to",1
"Virgin Mary, praise to",2
"Gabriel, archangel",1
"Ave Marie",1
"Joseph of Arimathea",1
"Bernard, saint",1
"marriage, sacrament of",1
"virtues, theological",1
"Edward II, death of",1
"Thomas, Duke of Gloucester",1
"Louis, duke of Orleans",1
"Robert de Vere, duke of Ireland (1386-88)",1
"John, Duke of Burgundy",1
"Charles VII, King of France",1
"mystery plays, English songs in",2
"brotherly love",1
"Virgin Mary, image of",1
"hymns, on various themes",1
"Berwick (Scot.)",1
"The Game of Love",1
"Carthusian Order, founding of",1
"Erkenwald, saint, life of",1
"Benedict of Nursia, saint, feast of",1
"religous instruction",1
"sermon texts, gospel",1
"mass, parts of",1
"Margaret of Anjou, queen (Henry VI)",1
"cautionary advice",1
"warning against rash speech",1
"Joseph and Aseneth, story of",1
"Virgin Mary and Joseph",1
"Dalusse, Robert, of London",1
"Florence of Rome, empress",1
"Gloria mundi est",1
"nuns, criticism/satire of",1
"Wallace, William",1
"prophecy, political",2
"Eugenia, saint, life of",1
"book plates",1
"Gawaine, stories of",1
"Mary Magdalen, saint, life of",1
"colophon",1
"mutability, of world",1
"Richard II, deposition of",2
"alliterative unrhymed",2
"Edinburgh, Session at",1
"gossip",1
"Christ, burial and Resurrection",1
"lodging, terms of",1
"Polycena, wife of Marcolphus",1
"classical literature, references from/to",1
"speech, truth-telling",1
"refrains",1
"hermits",1
"outlaws",1
"Editha, saint, life of",1
"fate",1
"honor, types of",1
"monastic rules, in English verse",1
"Celestin, saint, life of",1
"Stafford, family history",1
"dying person, description of",1
"Caiaphas",1
"prophecies, Biblical",1
"Palm Sunday, ceremonial verses for",1
"lovers, lament of",4
"Molins, Anne",1
"Christ, Ascension of",1
"lovers’ laments",1
"chansons",1
"Scots, against",1
"original si",1
"Nycasie, saint, life of",1
"Veronica’s veil",1
"Ember Days",1
"Henry VIII, birth of",2
"verse curse",1
"chastisement",1
"manuscripts, production of",1
"Old Testament, worthies",1
"horses, characteristics of",1
"Saturninus, saint, life of",1
"Edmund, saint, feast of",1
"Virgin Mary, Conception of",1
"Joachim and Anna, parents of the Virgin Mary",1
"Passion, worship of",1
"James I, king of Scotland, 1406-1437",1
"Wise Son, story of",1
"Holy Ghost",1
"Boethius, influence on",1
"Golden Age",1
"hope, cautions about",1
"instruction, to servants",1
"Piers Plowman",1
"women, canonesses",1
"St. Augustine, rule of",1
"Harold, King",1
"self knowledge",1
"verse introductions",1
"Equine medicing",1
"links",24
"fabliau",3
"herbergage",3
"beast fables",1
"interuptions",1
"Theseus",1
"contest",6
"millers",1
"apprenticeship",1
"debauchery",1
"context",1
"tidings",2
"secular saints",1
"antifeminism",1
"autobiography",1
"Arthur",1
"quest",1
"requital",1
"Church corruption",2
"farts, division of",1
"revenge",1
"Petrarch",1
"patriarchy",2
"infidelity",3
"Italy",1
"gentillesse",1
"marvels",1
"rhetoric",1
"Breton lays",2
"illusion",1
"corruption",2
"innocence",2
"sacrifice",1
"pity",1
"Cupiditas",2
"Flanders",1
"Death",1
"commerce",1
"sex",1
"Romance",1
"tale-telling",1
"sentence",1
"tragedy",2
"Saint Cecilia",2
"Idleness, sin of",1
"saints᾿s lives",1
"alchemy, failure of",1
"tale, against",1
"tales, against",1
"Jesus",2
"books, as pledges",1
"pledges",1
"lyrics",8
"Hindburn",1
"Lancashire",1
"winter",1
"gift",1
"Knolles, Thomas",1
"Fuyst, John (Mayor of Hereford)",1
"Fuyst, Katherine",1
"epitaph",3
"inscription, brass",3
"Hylton, Robert",1
"Pynnoke, John",1
"Norbury, John",1
"Martyn, Christopher",1
"Skevington, John",1
"Bedbere, John",1
"Farnham, William",1
"life, transience of",3
"Woodford, Ralph",1
"Were, Robert",1
"Jannys, Robert",2
"Virgin Mary, verse in honour of",1
"window inscription",1
"tomb inscription",8
"Savile, Sir John",1
"Vernon, Alice",1
"Paston, Elizabeth",1
"Cresacre, Percival",1
"Cresacre, Alice",1
"Sparrow, Thomas",1
"Rouclyff, Bryan",1
"Rouclyff, Johan",1
"Wryght, Sir Richard",1
"Clarrell, William",1
"Clarrell, Margaret",1
"Middletone, Thomas",1
"Marshall, Richard",1
"ring inscriptions",2
"Godard, John",1
"Shavelocke, Roger",1
"Shavelocke, Joan",1
"Tylney, Sir Phillip",1
"Ballotts",1
"Todenham, John",1
"inscriptions, in glass",4
"Lazarus",1
"gluttony",1
"covetousness",1
"mercy, petition for",2
"moralizing verse",2
"seven cardinal virtues",1
"hypocrisy",1
"religious verse",1
"Bible",1
"livery companies",1
"Animals",2
"Illustrations, acompanying text",2
"inscription, ownership",1
"Proverbs",1
"Caesar, Julius",1
"Evander, Pallas",1
"Berengarius",1
"Christ, conplaint to man",1
"flatteries, against",1
"Ramsey, John",1
"Slywright, William",1
"Somers, William, jeste",1
